name,description,Alma,Trois-Rivières,Cornwall,Charlottetown,Cranbrook,Sorel-Tracy,Fredericton,Val-d'Or,Pembroke,Edmundston,St. Catharines,Barrie,Thunder Bay,Moncton,Campbell River,Red Deer,Sault Ste. Marie,Corner Brook,Guelph,Victoria,Joliette,Québec,Penticton,Timmins,Midland,Malahat,London,Toronto,Sydney,Kelowna,Vancouver,Sherbrooke,Regina,Brockville,Courtenay,Saint-Jean-sur-Richelieu,Campbellton,Fort McMurray,Owen Sound,Prince Rupert,Greater Sudbury,Baie-Comeau,Stratford,Halifax,Gander,Peterborough,Saint-Hyacinthe,Cold Lake,Fort St. John,Summerside,Williams Lake,Bathurst,Port Alberni,North Bay,Lethbridge,Swift Current,Woodstock,Sept-Îles,Kenora,Grande Prairie,Thompson,Rouyn-Noranda,Kamloops,Nanaimo,Calgary,Prince Albert,Edmonton,Moose Jaw,Rivière-du-Loup,Truro,Whitehorse,Yellowknife,Windsor,Drummondville,Kingston,Winnipeg,Oshawa,Hamilton,Rimouski,Estevan,Chilliwack,Brantford,Saguenay,Abbotsford,Kentville,Portage la Prairie,Saskatoon,Belleville,Brandon,Yorkton,St. John's,Sarnia,Vernon,Medicine Hat,Saint John,Ottawa (Kanata - Orléans),Montréal,Shawinigan,Prince George,Kitchener-Waterloo
Hottest summer,the highest average afternoon temperature in June July and August.,22.49,24.25,25.30,21.80,24.16,25.28,24.37,22.06,24.69,22.11,25.76,24.09,22.65,23.18,21.93,21.46,22.69,20.23,24.55,21.08,25.17,23.55,26.72,22.77,24.34,22.41,25.09,25.38,21.54,26.25,20.92,23.37,24.70,24.32,21.42,24.97,22.15,22.17,23.23,15.67,23.28,19.52,24.26,21.09,19.72,24.85,25.21,21.91,20.23,22.04,20.97,23.17,23.28,22.44,24.38,23.91,25.25,18.26,23.09,21.23,21.11,22.11,26.94,22.89,21.87,22.91,21.98,25.39,21.58,22.75,19.16,19.14,26.62,24.65,23.40,24.70,23.63,25.03,21.85,25.29,23.29,25.65,23.03,22.52,23.52,24.89,23.97,25.19,24.26,23.31,18.67,25.04,25.29,25.79,21.38,25.06,24.76,23.86,21.10,24.67
Coldest winter,the lowest average night-time temperature in December January and February.,-19.18,-15.27,-10.97,-11.00,-10.34,-14.10,-13.66,-21.43,-17.28,-15.65,-6.50,-10.63,-18.81,-12.60,-1.47,-17.45,-13.67,-8.84,-10.03,1.01,-14.33,-15.66,-3.64,-21.28,-11.04,-0.48,-8.74,-8.95,-8.97,-6.43,0.92,-16.07,-19.08,-10.57,0.76,-12.59,-15.78,-21.74,-8.08,-1.29,-16.37,-17.78,-8.80,-7.88,-10.58,-12.45,-13.40,-19.62,-16.51,-10.64,-10.99,-14.27,-0.09,-15.81,-12.17,-15.04,-8.76,-18.67,-19.36,-18.51,-28.22,-23.25,-6.04,-0.37,-13.47,-22.54,-14.34,-16.91,-14.64,-10.82,-19.93,-28.90,-6.61,-13.39,-10.68,-20.19,-7.58,-8.34,-13.70,-17.52,0.31,-8.47,-19.26,0.01,-8.58,-19.32,-19.93,-9.72,-20.93,-20.61,-7.81,-7.61,-6.85,-13.81,-11.99,-13.23,-13.02,-15.78,-11.76,-9.68
Coolest summer,the lowest average afternoon temperature in June July and August.,22.49,24.25,25.30,21.80,24.16,25.28,24.37,22.06,24.69,22.11,25.76,24.09,22.65,23.18,21.93,21.46,22.69,20.23,24.55,21.08,25.17,23.55,26.72,22.77,24.34,22.41,25.09,25.38,21.54,26.25,20.92,23.37,24.70,24.32,21.42,24.97,22.15,22.17,23.23,15.67,23.28,19.52,24.26,21.09,19.72,24.85,25.21,21.91,20.23,22.04,20.97,23.17,23.28,22.44,24.38,23.91,25.25,18.26,23.09,21.23,21.11,22.11,26.94,22.89,21.87,22.91,21.98,25.39,21.58,22.75,19.16,19.14,26.62,24.65,23.40,24.70,23.63,25.03,21.85,25.29,23.29,25.65,23.03,22.52,23.52,24.89,23.97,25.19,24.26,23.31,18.67,25.04,25.29,25.79,21.38,25.06,24.76,23.86,21.10,24.67
Mildest winter,the highest average afternoon temperature in December January and February.,-8.93,-5.22,-3.00,-2.23,-1.60,-4.33,-2.46,-9.03,-4.99,-6.51,0.71,-2.47,-6.77,-2.34,5.43,-5.35,-3.94,-1.82,-2.25,7.40,-4.63,-6.24,2.23,-8.76,-2.27,6.81,-1.07,-0.76,-0.52,1.23,6.77,-4.12,-8.43,-2.25,6.27,-3.47,-5.86,-10.93,-1.06,5.20,-6.51,-7.07,-1.94,0.76,-2.46,-2.05,-4.02,-9.35,-7.95,-2.22,-2.52,-4.58,5.44,-6.15,-0.15,-5.68,-0.97,-8.02,-10.11,-7.50,-16.61,-9.41,0.98,6.85,-1.41,-10.70,-5.42,-6.45,-6.79,-0.45,-10.83,-20.32,0.52,-4.17,-1.82,-10.31,-0.17,-0.82,-5.87,-7.03,6.45,-0.49,-8.35,6.73,-0.19,-9.27,-9.59,-1.20,-10.15,-10.28,-0.38,-0.39,-0.54,-2.38,-1.42,-4.42,-4.19,-5.82,-3.43,-1.77
Coldest spring,the lowest average daily temperature in March April and May.,1.70,4.48,6.38,2.88,6.47,5.20,4.33,0.71,3.97,2.90,7.29,5.27,2.29,3.38,7.89,3.30,2.92,2.48,5.62,9.00,5.20,3.30,9.11,1.02,5.46,8.76,6.36,6.22,2.40,8.11,9.43,3.75,3.71,5.94,8.81,5.56,1.71,2.43,5.15,6.18,3.04,0.28,5.80,4.18,1.37,5.37,5.60,3.17,3.18,3.11,4.82,2.86,8.65,3.22,5.67,4.37,6.40,-0.40,3.27,3.16,-2.83,0.46,9.65,9.05,4.16,2.04,4.86,4.54,1.96,3.95,0.41,-5.67,8.38,5.32,5.20,3.31,6.25,6.30,2.71,4.41,10.19,6.93,1.86,9.60,4.99,3.68,3.36,6.62,2.81,2.27,1.74,6.60,8.16,6.34,3.48,5.56,5.52,4.04,4.93,5.69
Coldest year-round,the lowest average of all daily temperatures for the year.,2.30,4.86,7.16,5.30,5.74,5.88,5.33,1.15,4.14,3.52,8.84,6.47,2.47,5.06,8.64,2.36,4.33,5.06,6.50,9.72,5.60,4.04,9.15,1.34,6.79,9.40,7.47,7.50,5.53,7.73,10.08,4.10,2.83,7.06,9.68,6.33,3.17,0.72,7.11,7.12,3.68,1.50,6.95,6.67,3.83,5.93,6.17,1.74,2.00,5.58,4.19,4.48,9.45,3.76,5.65,3.92,7.52,0.79,2.68,1.89,-3.17,0.87,8.87,9.82,4.07,0.93,3.94,3.96,3.24,5.81,-0.69,-4.58,9.44,5.92,6.67,2.62,7.74,7.64,3.91,3.74,10.51,8.00,2.34,10.01,6.94,3.07,2.23,7.72,1.94,1.60,4.67,8.05,7.43,5.67,5.03,6.00,6.06,4.50,3.95,6.71
Warmest year-round,the highest average of all daily temperatures for the year.,2.30,4.86,7.16,5.30,5.74,5.88,5.33,1.15,4.14,3.52,8.84,6.47,2.47,5.06,8.64,2.36,4.33,5.06,6.50,9.72,5.60,4.04,9.15,1.34,6.79,9.40,7.47,7.50,5.53,7.73,10.08,4.10,2.83,7.06,9.68,6.33,3.17,0.72,7.11,7.12,3.68,1.50,6.95,6.67,3.83,5.93,6.17,1.74,2.00,5.58,4.19,4.48,9.45,3.76,5.65,3.92,7.52,0.79,2.68,1.89,-3.17,0.87,8.87,9.82,4.07,0.93,3.94,3.96,3.24,5.81,-0.69,-4.58,9.44,5.92,6.67,2.62,7.74,7.64,3.91,3.74,10.51,8.00,2.34,10.01,6.94,3.07,2.23,7.72,1.94,1.60,4.67,8.05,7.43,5.67,5.03,6.00,6.06,4.50,3.95,6.71
Most freezing days,the greatest number of days annually with the lowest temperature at or below 0°C.,191.74,172.28,144.68,165.79,176.20,159.94,177.98,207.18,188.76,184.06,129.23,153.66,203.28,178.02,106.40,211.42,177.71,159.17,161.02,52.61,166.15,175.88,116.01,210.49,151.20,91.25,147.96,146.21,168.02,157.84,45.89,189.04,199.63,143.44,57.68,155.89,193.40,208.38,141.38,88.42,182.29,197.33,154.10,141.70,185.96,171.92,156.63,199.20,185.14,160.57,187.60,180.30,74.48,180.00,173.73,188.58,152.45,202.05,183.27,198.00,239.85,215.83,125.16,80.23,195.95,211.04,178.56,189.43,183.41,171.79,225.00,222.24,122.81,159.64,145.69,194.03,131.77,142.11,172.99,192.50,54.39,144.53,193.88,61.87,151.69,188.99,198.89,139.45,203.53,202.14,173.97,137.68,147.39,176.37,168.59,159.23,154.96,173.76,186.56,160.40
Fewest freezing days,the fewest number of days annually with the lowest temperature at or below 0 °C.,191.74,172.28,144.68,165.79,176.20,159.94,177.98,207.18,188.76,184.06,129.23,153.66,203.28,178.02,106.40,211.42,177.71,159.17,161.02,52.61,166.15,175.88,116.01,210.49,151.20,91.25,147.96,146.21,168.02,157.84,45.89,189.04,199.63,143.44,57.68,155.89,193.40,208.38,141.38,88.42,182.29,197.33,154.10,141.70,185.96,171.92,156.63,199.20,185.14,160.57,187.60,180.30,74.48,180.00,173.73,188.58,152.45,202.05,183.27,198.00,239.85,215.83,125.16,80.23,195.95,211.04,178.56,189.43,183.41,171.79,225.00,222.24,122.81,159.64,145.69,194.03,131.77,142.11,172.99,192.50,54.39,144.53,193.88,61.87,151.69,188.99,198.89,139.45,203.53,202.14,173.97,137.68,147.39,176.37,168.59,159.23,154.96,173.76,186.56,160.40
Most hot days (30°C or above),the greatest number of days annually with a daily high temperature of 30°C or above.,4.92,4.76,9.43,0.71,15.37,9.33,9.20,3.80,11.79,2.04,13.67,5.79,5.83,4.06,5.29,2.85,3.74,0.60,6.02,1.48,9.48,4.59,25.86,6.40,6.15,4.76,8.11,12.62,2.37,25.00,0.20,3.41,15.72,3.17,2.30,7.59,3.87,4.90,4.06,0.00,5.37,0.17,5.44,0.90,0.67,7.18,8.61,2.61,0.62,0.96,3.59,5.80,11.88,1.62,15.83,13.50,8.27,0.28,5.45,2.34,3.65,1.50,29.28,7.41,4.48,5.47,3.24,20.22,0.57,1.40,0.53,0.53,20.68,7.90,2.39,13.45,2.84,9.07,1.95,19.46,8.50,11.34,7.06,7.25,3.49,15.96,11.31,6.09,11.93,8.07,0.16,14.12,17.72,23.63,0.79,11.33,7.51,4.19,2.71,6.87
Most cold days (-20°C or less),the greatest number of days annually with a daily low temperature of -20°C or below.,50.31,30.07,11.15,8.33,12.95,23.16,22.01,64.67,40.74,30.34,0.88,13.27,49.14,16.26,0.14,37.33,24.92,3.83,9.27,0.00,23.74,31.05,0.23,63.66,14.22,0.00,4.97,5.23,3.39,4.10,0.00,35.65,47.74,10.77,0.00,18.28,30.77,62.35,4.62,0.14,36.39,42.68,5.29,1.70,6.10,19.13,22.47,48.83,43.41,6.99,17.32,22.35,0.00,33.76,26.70,32.30,5.92,47.91,51.16,47.20,102.75,62.99,4.43,0.00,25.99,66.16,28.09,40.69,21.76,10.51,56.39,110.13,1.60,21.03,11.28,57.49,3.38,3.43,16.66,41.49,0.00,4.55,50.86,0.00,3.37,52.54,52.06,8.54,58.49,56.96,0.96,3.01,4.69,28.73,15.20,18.43,17.75,32.16,20.37,7.63
Most hot and cold days,the greatest number of days annually with daily highs of 30°C or above and daily lows of -20°C or below.,55.23,34.83,20.58,9.04,28.32,32.49,31.21,68.47,52.53,32.38,14.55,19.06,54.97,20.32,5.43,40.18,28.66,4.43,15.29,1.48,33.22,35.64,26.09,70.06,20.37,4.76,13.08,17.85,5.76,29.10,0.20,39.06,63.46,13.94,2.30,25.87,34.64,67.25,8.68,0.14,41.76,42.85,10.73,2.60,6.77,26.31,31.08,51.44,44.03,7.95,20.91,28.15,11.88,35.38,42.53,45.80,14.19,48.19,56.61,49.54,106.40,64.49,33.71,7.41,30.47,71.63,31.33,60.91,22.33,11.91,56.92,110.66,22.28,28.93,13.67,70.94,6.22,12.50,18.61,60.95,8.50,15.89,57.92,7.25,6.86,68.50,63.37,14.63,70.42,65.03,1.12,17.13,22.41,52.36,15.99,29.76,25.26,36.35,23.08,14.50
Warmest spring,the highest average daily temperature in March April and May.,1.70,4.48,6.38,2.88,6.47,5.20,4.33,0.71,3.97,2.90,7.29,5.27,2.29,3.38,7.89,3.30,2.92,2.48,5.62,9.00,5.20,3.30,9.11,1.02,5.46,8.76,6.36,6.22,2.40,8.11,9.43,3.75,3.71,5.94,8.81,5.56,1.71,2.43,5.15,6.18,3.04,0.28,5.80,4.18,1.37,5.37,5.60,3.17,3.18,3.11,4.82,2.86,8.65,3.22,5.67,4.37,6.40,-0.40,3.27,3.16,-2.83,0.46,9.65,9.05,4.16,2.04,4.86,4.54,1.96,3.95,0.41,-5.67,8.38,5.32,5.20,3.31,6.25,6.30,2.71,4.41,10.19,6.93,1.86,9.60,4.99,3.68,3.36,6.62,2.81,2.27,1.74,6.60,8.16,6.34,3.48,5.56,5.52,4.04,4.93,5.69
Warmest fall,the highest average daily temperature in September October and November.,4.65,6.66,9.07,7.90,5.49,7.76,7.09,3.34,6.12,5.47,10.49,8.49,4.33,7.16,8.63,2.85,6.77,7.38,8.12,9.95,7.30,5.98,8.88,3.47,9.02,9.37,9.14,9.13,8.25,7.39,10.24,5.97,3.67,9.13,9.65,8.20,5.38,1.22,9.44,7.76,5.51,3.94,8.71,9.31,6.04,7.50,8.02,2.42,2.36,8.13,4.19,6.74,9.90,5.56,6.04,4.48,9.17,3.19,4.06,2.47,-1.60,3.66,8.50,9.95,4.37,2.01,4.28,4.68,5.32,7.97,-0.56,-2.82,11.00,7.70,8.91,4.09,9.55,9.31,5.91,4.54,10.89,9.59,4.53,10.28,9.06,4.39,3.16,9.47,3.20,2.83,7.11,9.96,7.20,5.95,7.34,7.69,7.92,6.42,3.94,8.28
Wettest city (rain and snow),the greatest total annual rain and snow.,886.92,1099.82,1001.95,1173.34,383.40,976.08,1143.34,914.02,816.23,1134.43,873.59,964.09,711.62,1223.17,1451.51,482.69,888.71,1270.77,923.27,883.31,1006.18,1230.32,332.69,831.31,1067.09,1039.21,987.10,792.74,1504.92,380.51,1199.02,1144.13,388.07,983.43,1178.96,1094.34,1054.02,455.50,1100.06,2593.60,899.33,1014.35,1064.18,1421.35,1201.88,840.34,1057.85,426.56,465.63,1078.03,450.28,1058.59,1910.67,1007.66,386.30,349.09,954.03,1155.98,661.77,446.55,517.41,793.85,278.98,1162.67,412.57,424.31,476.85,365.10,962.89,1202.05,267.41,280.72,918.34,1125.00,968.19,513.67,877.92,910.09,915.00,433.30,1787.80,892.26,950.80,1573.16,1210.93,514.58,350.00,891.64,472.01,450.94,1513.69,846.77,484.39,333.79,1390.31,943.45,966.76,1068.56,600.78,907.88
Driest city,the least amount of total annual rain and snow.,886.92,1099.82,1001.95,1173.34,383.40,976.08,1143.34,914.02,816.23,1134.43,873.59,964.09,711.62,1223.17,1451.51,482.69,888.71,1270.77,923.27,883.31,1006.18,1230.32,332.69,831.31,1067.09,1039.21,987.10,792.74,1504.92,380.51,1199.02,1144.13,388.07,983.43,1178.96,1094.34,1054.02,455.50,1100.06,2593.60,899.33,1014.35,1064.18,1421.35,1201.88,840.34,1057.85,426.56,465.63,1078.03,450.28,1058.59,1910.67,1007.66,386.30,349.09,954.03,1155.98,661.77,446.55,517.41,793.85,278.98,1162.67,412.57,424.31,476.85,365.10,962.89,1202.05,267.41,280.72,918.34,1125.00,968.19,513.67,877.92,910.09,915.00,433.30,1787.80,892.26,950.80,1573.16,1210.93,514.58,350.00,891.64,472.01,450.94,1513.69,846.77,484.39,333.79,1390.31,943.45,966.76,1068.56,600.78,907.88
Snowiest city,the greatest total annual snowfall (cm).,303.30,241.30,207.05,311.90,139.93,202.51,276.52,300.40,228.51,300.07,136.62,267.34,187.55,349.91,108.99,116.21,302.94,421.87,160.63,43.79,226.14,315.86,67.20,313.40,321.89,46.11,202.37,115.35,298.30,101.78,48.17,294.34,105.90,198.94,74.02,202.00,391.99,155.76,347.24,126.33,274.41,361.52,243.86,176.37,443.13,162.03,201.89,129.96,185.61,281.68,192.69,314.22,114.12,273.42,130.48,92.20,117.41,412.02,158.16,158.58,186.21,218.89,75.48,80.92,126.67,111.29,123.54,115.52,277.34,229.05,145.03,151.83,126.57,249.31,180.85,110.59,118.39,161.78,271.72,111.23,107.85,113.30,341.62,63.51,265.85,154.10,97.22,155.72,112.03,117.09,322.30,125.00,127.92,95.17,256.87,235.74,220.51,249.12,216.07,159.54
Lowest snowfall,the least amount of total annual snowfall (cm).,303.30,241.30,207.05,311.90,139.93,202.51,276.52,300.40,228.51,300.07,136.62,267.34,187.55,349.91,108.99,116.21,302.94,421.87,160.63,43.79,226.14,315.86,67.20,313.40,321.89,46.11,202.37,115.35,298.30,101.78,48.17,294.34,105.90,198.94,74.02,202.00,391.99,155.76,347.24,126.33,274.41,361.52,243.86,176.37,443.13,162.03,201.89,129.96,185.61,281.68,192.69,314.22,114.12,273.42,130.48,92.20,117.41,412.02,158.16,158.58,186.21,218.89,75.48,80.92,126.67,111.29,123.54,115.52,277.34,229.05,145.03,151.83,126.57,249.31,180.85,110.59,118.39,161.78,271.72,111.23,107.85,113.30,341.62,63.51,265.85,154.10,97.22,155.72,112.03,117.09,322.30,125.00,127.92,95.17,256.87,235.74,220.51,249.12,216.07,159.54
Snowiest fall,the greatest total snowfall in September October and November.,52.23,28.04,18.43,26.09,28.61,18.99,20.07,61.95,26.55,32.91,9.25,40.48,34.43,25.10,13.83,28.57,45.03,49.07,11.16,3.45,21.79,35.11,8.51,61.28,31.82,5.85,22.40,8.14,17.68,15.28,2.61,36.37,21.93,15.96,8.18,18.53,40.73,44.45,37.86,9.94,37.75,46.11,24.13,10.56,51.78,17.92,21.26,33.04,51.52,21.60,44.92,30.88,11.52,40.64,29.79,20.48,11.02,56.86,47.37,37.68,60.99,31.40,12.57,8.86,30.96,28.73,27.19,26.16,25.82,15.75,51.33,60.26,9.00,27.83,10.82,26.78,5.77,11.64,31.89,23.33,10.99,7.73,56.85,6.36,13.80,35.00,22.59,12.10,21.97,24.04,29.26,12.04,24.01,23.70,14.74,25.97,23.91,24.64,45.18,14.87
Snowiest spring,the greatest total snowfall in March April and May.,79.11,49.94,44.45,86.07,20.28,39.51,78.33,80.41,46.40,72.53,28.01,45.99,40.93,111.10,12.77,34.72,52.60,86.98,32.09,2.43,51.05,67.00,3.63,84.14,41.77,2.17,38.18,24.94,80.20,5.84,3.07,71.89,29.32,42.16,11.19,42.17,110.32,37.75,46.41,22.30,58.59,90.57,37.70,48.86,136.15,32.94,39.54,32.72,39.99,78.21,31.57,88.73,14.92,56.22,45.75,29.97,24.23,111.27,37.43,29.35,54.51,43.28,3.76,5.79,47.05,30.78,33.69,29.84,61.93,66.96,25.34,31.92,24.93,49.78,39.37,26.67,18.61,34.94,64.21,31.86,10.54,20.18,80.73,3.90,66.94,39.46,25.97,32.68,31.39,34.48,84.02,24.71,6.50,27.85,70.95,51.41,47.81,52.80,30.57,32.10
Snowfall as a % of precipitation,the annual total snowfall (cm) as a % of annual total precipitation (mm).,34.20,21.94,20.66,26.58,36.50,20.75,24.19,32.87,28.00,26.45,15.64,27.73,26.36,28.61,7.51,24.08,34.09,33.20,17.40,4.96,22.48,25.67,20.20,37.70,30.17,4.44,20.50,14.55,19.82,26.75,4.02,25.73,27.29,20.23,6.28,18.46,37.19,34.20,31.57,4.87,30.51,35.64,22.92,12.41,36.87,19.28,19.08,30.47,39.86,26.13,42.79,29.68,5.97,27.13,33.78,26.41,12.31,35.64,23.90,35.51,35.99,27.57,27.06,6.96,30.70,26.23,25.91,31.64,28.80,19.05,54.24,54.09,13.78,22.16,18.68,21.53,13.49,17.78,29.70,25.67,6.03,12.70,35.93,4.04,21.95,29.95,27.78,17.46,23.73,25.97,21.29,14.76,26.41,28.51,18.48,24.99,22.81,23.31,35.96,17.57
Rainiest city,the greatest total annual rainfall (mm).,591.20,858.54,794.79,880.38,270.72,773.59,885.51,635.15,615.92,834.31,745.72,696.79,559.02,865.38,1344.07,381.37,634.28,848.90,771.41,841.36,782.25,923.80,279.58,558.09,745.20,993.08,817.87,684.62,1212.86,298.00,1154.66,873.93,304.35,784.51,1100.26,892.37,708.21,342.18,752.81,2468.53,656.46,684.09,820.29,1254.33,771.62,682.03,855.97,322.43,312.59,805.99,295.69,744.38,1797.94,774.61,271.09,260.78,836.58,757.44,514.36,317.65,348.17,574.92,217.87,1077.93,320.60,323.67,365.65,270.08,685.50,991.38,163.13,164.52,805.19,875.71,794.60,415.59,759.52,764.80,642.00,333.06,1679.98,779.60,661.38,1507.46,948.01,397.41,265.21,735.92,373.13,346.41,1190.96,732.62,356.49,249.60,1147.94,731.96,760.04,819.43,418.89,765.02
Most wet days,the greatest number of days annually with measurable precipitation at or above 0.2 mm.,169.82,156.74,149.45,184.21,118.80,138.59,156.59,196.28,165.21,153.80,151.00,179.25,139.50,174.45,181.36,120.08,175.30,206.20,166.49,154.16,130.23,181.94,115.82,180.67,159.67,147.12,170.40,145.53,190.10,135.09,166.06,192.19,114.53,154.44,170.31,162.33,162.62,142.57,178.38,239.71,163.94,170.31,169.37,165.67,220.64,160.74,157.01,123.23,120.89,177.28,136.80,158.16,180.09,176.47,102.00,112.09,153.48,172.83,146.96,128.24,142.68,162.00,107.12,173.67,113.55,122.59,125.84,109.16,181.59,174.66,122.19,118.89,146.67,158.32,157.44,123.46,142.06,157.71,165.30,114.41,184.57,140.64,199.93,177.16,163.58,123.65,111.86,146.26,114.05,121.01,215.61,147.10,136.56,99.26,162.27,162.63,164.99,143.44,166.00,164.39
Most very wet days (25 mm or more),the greatest number of days annually with precipitation at or more than 25 mm.,4.48,7.33,5.56,7.33,0.46,5.95,8.63,3.88,3.66,6.25,5.22,4.47,4.47,9.75,13.40,2.20,4.24,5.81,4.58,4.92,6.83,9.35,0.41,3.32,5.98,6.92,6.06,4.60,14.83,0.27,6.57,6.53,1.80,5.70,8.43,6.17,6.04,1.60,5.81,24.20,5.34,6.04,5.13,14.40,6.27,4.32,6.51,1.59,1.96,6.91,0.51,7.29,22.59,5.88,1.70,0.99,6.10,8.75,3.97,1.55,2.30,2.50,0.22,8.47,1.47,1.98,2.63,1.84,4.71,9.45,0.15,0.36,6.08,6.74,6.34,2.91,4.69,5.70,4.17,2.13,16.20,4.85,3.39,12.78,10.37,3.17,1.40,5.06,2.29,2.28,12.32,5.12,0.51,1.16,13.90,5.88,5.65,7.22,0.58,5.07
Most dry days,the greatest number of days annually with no measurable precipitation.,195.42,208.50,215.79,181.03,246.44,226.65,208.65,168.96,200.03,211.44,214.24,185.99,225.74,190.79,183.88,245.16,189.94,159.04,198.75,211.08,235.01,183.30,249.42,184.57,205.57,218.12,194.84,219.71,175.14,230.15,199.18,173.05,250.71,210.80,194.93,202.91,202.62,222.67,186.86,125.53,201.30,194.93,195.87,199.57,144.60,204.50,208.23,242.01,244.35,187.96,228.44,207.08,185.15,188.77,263.24,253.15,211.76,192.41,218.28,237.00,222.56,203.24,258.12,191.57,251.69,242.65,239.40,256.08,183.65,190.58,243.05,246.35,218.57,206.92,207.80,241.78,223.18,207.53,199.94,250.83,180.67,224.60,165.31,188.08,201.66,241.59,253.38,218.98,251.19,244.23,149.63,218.14,228.68,265.98,202.97,202.61,200.25,221.80,199.24,200.85
Most snow days,the greatest number of days annually with measurable snowfall at or above 0.2 cm.,75.13,48.70,44.54,75.72,47.91,40.55,53.55,103.50,69.16,46.21,44.62,71.77,61.32,63.89,16.86,51.81,84.12,88.38,50.48,9.73,37.87,76.41,27.74,95.60,55.87,9.80,65.62,46.47,70.54,37.66,10.91,79.35,57.15,44.50,12.76,46.15,65.48,73.14,64.94,27.57,78.44,73.54,58.94,45.87,101.66,60.03,44.22,57.88,62.61,64.36,61.45,51.08,20.47,82.35,49.70,46.91,39.51,77.69,72.96,57.30,77.76,72.34,30.53,12.87,56.80,56.94,54.45,51.16,68.52,50.30,71.22,80.17,44.99,52.02,52.29,54.67,28.47,55.73,58.49,52.33,17.84,28.95,96.16,13.79,49.83,56.91,56.81,41.54,51.41,58.11,84.23,43.99,35.51,44.31,55.69,65.57,60.44,43.50,69.30,64.10
Fewest snow days,the fewest number of days annually with measurable snowfall at or above 0.2 cm.,75.13,48.70,44.54,75.72,47.91,40.55,53.55,103.50,69.16,46.21,44.62,71.77,61.32,63.89,16.86,51.81,84.12,88.38,50.48,9.73,37.87,76.41,27.74,95.60,55.87,9.80,65.62,46.47,70.54,37.66,10.91,79.35,57.15,44.50,12.76,46.15,65.48,73.14,64.94,27.57,78.44,73.54,58.94,45.87,101.66,60.03,44.22,57.88,62.61,64.36,61.45,51.08,20.47,82.35,49.70,46.91,39.51,77.69,72.96,57.30,77.76,72.34,30.53,12.87,56.80,56.94,54.45,51.16,68.52,50.30,71.22,80.17,44.99,52.02,52.29,54.67,28.47,55.73,58.49,52.33,17.84,28.95,96.16,13.79,49.83,56.91,56.81,41.54,51.41,58.11,84.23,43.99,35.51,44.31,55.69,65.57,60.44,43.50,69.30,64.10
Most heavy snowfall days (10 cm or more),the greatest number of days annually with a snowfall at or above 10 cm.,7.76,7.35,5.97,8.48,2.48,6.07,8.75,5.69,4.89,11.29,2.82,6.46,4.56,11.33,3.84,1.17,6.50,10.90,3.30,1.36,7.78,8.92,0.90,7.00,11.15,1.35,3.77,2.04,8.96,1.71,1.49,7.32,0.98,5.33,2.38,5.51,13.47,1.74,10.10,3.63,6.17,10.95,5.44,5.16,12.92,2.66,5.75,1.54,2.60,7.87,3.41,10.12,3.58,5.06,1.80,1.03,2.27,12.99,1.63,2.18,3.32,4.00,1.20,2.98,1.72,1.28,1.56,1.17,6.87,6.94,1.33,1.34,2.30,7.12,4.21,1.63,3.09,3.33,8.00,1.46,2.97,2.86,8.14,1.84,8.21,2.92,0.77,4.10,1.34,1.10,8.71,2.10,2.55,1.09,7.80,5.71,5.58,7.38,4.37,2.44
Most huge snowfall days (25 cm or more),the greatest number of days annually with a snowfall at or above 25 cm.,1.40,0.54,0.50,0.74,0.10,0.84,1.14,0.32,0.26,0.79,0.13,0.41,0.14,2.13,0.74,0.03,0.39,0.88,0.28,0.09,0.68,0.57,0.00,0.32,1.42,0.17,0.12,0.00,0.94,0.03,0.16,0.80,0.03,0.44,0.43,0.48,2.09,0.06,1.28,0.24,0.36,1.13,0.27,0.40,1.77,0.07,0.52,0.09,0.03,0.96,0.13,1.55,0.77,0.03,0.10,0.06,0.10,1.84,0.07,0.00,0.19,0.00,0.03,0.47,0.07,0.03,0.16,0.04,1.03,0.58,0.04,0.00,0.09,0.46,0.65,0.03,0.20,0.26,0.65,0.06,0.71,0.06,0.43,0.38,1.16,0.05,0.07,0.22,0.00,0.00,0.93,0.09,0.19,0.13,0.73,0.55,0.36,0.71,0.07,0.00
Longest snow cover season (days),the greatest number of days annually with snow covering the ground to a depth of at least 1 cm.,148.78,133.63,107.26,121.90,95.49,121.05,116.50,165.29,130.45,134.10,55.95,118.54,136.17,119.22,19.64,132.56,132.72,136.99,100.04,8.21,118.62,148.86,35.21,168.90,119.00,4.77,87.48,74.27,93.85,70.00,10.42,135.36,126.11,97.53,13.20,97.28,160.23,160.99,93.75,27.63,140.97,156.61,100.78,64.28,148.13,104.74,107.47,143.55,148.77,120.24,129.15,151.05,15.20,146.30,80.36,105.74,105.57,170.07,154.82,144.29,180.30,165.29,50.93,19.07,88.39,146.05,130.64,108.80,147.11,89.11,173.97,190.62,53.90,122.46,87.79,132.16,66.87,81.61,138.72,114.06,20.83,91.87,159.80,14.66,96.79,134.50,130.37,89.71,131.56,137.93,109.74,69.87,90.17,83.92,97.51,121.97,110.54,132.43,119.31,96.57
Most deep snow cover days (10 cm or more),the greatest number of days annually with snow covering the ground to a depth of at least 10 cm.,114.36,118.02,77.52,75.27,58.75,96.34,81.10,140.09,99.26,87.70,13.34,88.10,101.43,78.03,8.67,79.20,98.60,116.56,52.90,2.19,103.89,134.07,11.17,140.20,103.00,3.10,38.87,23.99,49.31,38.60,3.96,105.15,77.12,62.52,6.17,58.28,135.05,127.24,65.25,12.33,108.16,137.48,65.83,22.92,105.70,59.16,80.79,112.83,102.66,80.88,98.68,135.36,5.22,117.73,24.59,41.44,57.17,146.20,123.07,109.46,153.78,140.09,26.02,11.30,22.65,106.36,76.88,47.12,111.02,48.15,141.46,164.62,17.07,85.92,47.51,83.60,31.06,29.72,113.01,59.89,7.19,51.11,136.23,5.24,68.49,86.98,69.01,55.51,82.55,88.06,59.48,27.52,63.73,25.58,58.06,90.30,68.30,114.54,78.86,41.43
Greatest average snow depth January 31,the deepest median daily snow depth on January 31.,42.03,39.58,22.63,19.75,19.30,29.59,26.10,48.12,26.83,26.00,3.55,25.45,30.26,22.97,3.65,19.43,34.80,42.59,10.83,0.03,40.53,57.84,3.83,57.53,32.33,0.00,11.13,5.67,8.95,12.13,0.30,34.08,16.69,16.68,0.93,14.11,55.28,27.89,22.63,2.17,32.97,42.97,19.39,3.69,27.73,17.53,22.26,22.70,30.27,22.88,33.70,47.44,1.13,38.57,4.77,8.59,11.71,56.59,37.37,28.18,40.43,48.12,9.32,2.63,5.27,19.80,19.90,10.30,31.05,9.78,28.04,29.03,4.67,22.67,10.72,17.43,9.11,7.57,36.19,13.13,1.31,10.63,42.17,0.38,21.13,17.23,15.23,13.62,18.13,20.70,11.30,8.13,22.19,6.17,16.43,26.77,15.04,37.21,24.05,11.83
Most freezing rain days,the greatest number of days annually with an occurrence of freezing rain or drizzle.,8.17,13.75,4.58,18.44,2.33,12.82,14.07,16.26,13.63,11.33,5.78,10.14,6.77,17.47,0.23,4.19,8.69,14.58,9.99,0.54,13.58,14.43,0.97,17.79,3.33,0.49,11.81,8.78,21.08,2.06,1.15,10.35,12.99,3.17,0.73,11.88,13.78,8.51,2.23,0.62,18.11,9.05,9.37,12.96,39.07,10.76,11.88,9.94,4.60,14.76,2.90,15.09,0.24,19.10,2.81,5.96,11.84,10.49,15.51,7.24,17.47,16.26,1.34,0.44,6.41,11.03,6.84,11.07,6.48,13.73,2.44,12.06,9.09,11.12,11.32,12.20,10.11,10.50,8.35,10.84,2.87,11.16,13.05,2.30,10.89,12.02,8.00,11.43,11.31,12.35,38.62,6.93,0.68,2.49,12.34,16.97,13.07,14.09,5.26,10.69
Most blowing snow days,the greatest number of days annually with an occurrence of blowing snow.,17.19,12.44,11.42,22.15,0.56,10.35,6.83,14.53,8.16,7.68,3.81,12.73,6.17,12.01,0.70,4.67,21.78,17.58,9.40,0.26,10.40,14.25,0.60,17.11,9.60,0.00,14.93,7.76,15.59,0.11,0.00,8.79,24.27,10.45,0.43,10.50,9.15,4.34,20.83,0.62,14.56,17.67,10.30,11.05,25.13,5.66,10.30,4.64,6.71,22.90,1.89,13.27,0.00,14.14,4.58,21.77,12.16,17.97,10.43,4.62,8.72,14.53,1.05,0.00,6.90,4.98,3.02,26.90,28.95,11.67,2.25,8.91,5.73,9.57,10.43,21.80,8.62,11.14,28.97,18.69,0.29,11.15,31.05,0.29,16.31,22.87,11.87,9.47,14.38,16.38,24.70,5.66,0.11,3.05,9.83,12.20,10.64,14.24,1.53,9.38
Most thunderstorm days,the greatest number of days annually with an occurrence of a thunderstorm.,16.41,22.22,24.14,9.68,20.21,25.68,14.53,22.16,23.53,19.36,25.63,27.03,23.18,12.80,3.85,25.48,21.29,4.49,29.20,3.12,25.60,20.04,15.31,19.16,25.50,2.33,30.93,27.95,10.03,14.55,6.10,21.94,21.56,25.39,4.21,26.66,14.10,21.41,28.79,3.62,21.97,11.56,30.13,11.36,5.80,22.90,25.71,23.90,15.11,12.49,23.05,13.98,4.01,24.20,16.16,23.70,30.50,7.43,24.39,18.33,16.78,22.16,13.79,2.33,27.35,22.89,18.83,25.01,12.53,11.91,6.56,5.40,33.24,23.83,26.64,26.54,29.11,27.71,11.72,23.97,7.35,29.32,19.37,7.11,13.33,29.62,15.61,30.27,25.79,25.34,4.54,28.07,9.93,17.78,11.00,23.87,24.40,20.10,20.83,29.33
Fewest thunderstorm days,the fewest number of days annually with an occurrence of a thunderstorm.,16.41,22.22,24.14,9.68,20.21,25.68,14.53,22.16,23.53,19.36,25.63,27.03,23.18,12.80,3.85,25.48,21.29,4.49,29.20,3.12,25.60,20.04,15.31,19.16,25.50,2.53,30.93,27.95,10.03,14.55,6.10,21.94,21.56,25.39,4.21,26.66,14.10,21.41,28.79,3.62,21.97,11.56,30.13,11.36,5.80,22.90,25.71,23.90,15.11,12.49,23.05,13.98,4.01,24.20,16.16,23.70,30.50,7.43,24.39,18.33,16.78,22.16,13.79,2.33,27.35,22.89,18.83,25.01,12.53,11.91,6.56,5.40,33.24,23.83,26.64,26.54,29.11,27.71,11.72,23.97,7.35,29.32,19.37,7.11,13.33,29.62,15.61,30.27,25.79,25.34,4.54,28.07,9.93,17.78,11.00,23.87,24.40,20.10,20.83,29.33
Foggiest city (days),the greatest number of days annually with an occurrence of fog (fog ice fog or freezing fog).,17.10,21.83,25.29,44.25,15.75,21.86,35.01,22.34,53.28,31.67,10.48,34.29,33.00,51.84,29.20,24.37,44.66,15.25,32.98,23.56,21.00,26.98,1.53,25.28,39.20,19.57,48.53,27.04,74.42,12.31,23.35,24.74,27.20,24.88,17.60,19.27,43.04,19.92,36.63,34.47,64.40,38.71,36.35,117.53,77.43,31.13,20.55,24.52,34.18,37.00,35.47,37.16,30.00,60.06,12.27,29.01,40.76,51.21,29.85,27.23,20.84,22.34,7.28,19.57,20.74,31.34,9.73,18.94,32.58,75.74,13.98,17.59,29.03,23.30,24.48,16.03,26.36,43.04,38.17,26.04,21.75,45.79,33.83,31.18,33.94,16.38,20.26,25.67,27.04,23.64,118.96,24.17,9.80,10.01,98.29,33.89,16.68,26.00,58.92,32.98
Fewest fog days,the fewest number of days annually with an occurrence of fog (fog ice fog or freezing fog).,17.10,21.83,25.29,44.25,15.75,21.86,35.01,22.34,53.28,31.67,10.48,34.29,33.00,51.84,29.20,24.37,44.66,15.25,32.98,23.56,21.00,26.98,1.53,25.28,39.20,19.57,48.53,27.04,74.42,12.31,23.35,24.74,27.20,24.88,17.60,19.27,43.04,19.92,36.63,34.47,64.40,38.71,36.35,99.53,77.43,31.13,20.55,24.52,34.18,37.00,35.47,37.16,30.00,60.06,12.27,29.01,40.76,51.21,29.85,27.23,20.84,22.34,7.28,19.57,20.74,31.34,9.73,18.94,32.58,75.74,13.98,17.59,29.03,23.30,24.48,16.03,26.36,43.04,38.17,26.04,21.75,45.79,33.83,31.18,33.94,16.38,20.26,25.67,27.04,23.64,118.96,24.17,9.80,10.01,98.29,33.89,16.68,26.00,58.92,32.98
Most smoke and haze days,the greatest number of days annually with an occurrence of smoke or haze.,13.51,39.34,57.26,15.59,2.43,50.98,20.20,14.36,43.05,30.97,64.11,59.02,14.02,18.35,2.96,3.33,38.12,5.54,79.92,17.90,50.10,27.78,4.25,19.48,43.80,22.30,112.95,82.87,14.06,4.19,47.95,27.25,3.71,54.69,4.81,51.15,9.68,10.63,50.39,2.26,35.61,11.83,92.59,16.41,9.72,48.65,51.39,4.28,3.39,26.44,3.17,28.70,4.70,32.42,1.37,1.03,94.96,6.63,10.31,3.16,7.44,14.36,10.99,22.32,14.23,6.95,17.29,1.93,13.00,15.10,1.69,8.68,122.67,39.32,52.13,11.20,71.04,99.61,12.63,2.24,17.19,106.28,19.89,17.24,17.64,5.88,4.02,59.20,4.42,4.84,10.73,72.22,4.19,5.34,14.40,63.61,50.90,27.98,21.14,76.97
Sunniest year-round,the greatest number of hours annually with sunshine.,1917.26,1966.76,1916.86,1858.58,2205.29,1958.54,1956.53,1896.81,1941.53,2013.06,2004.97,2055.10,2167.74,1970.55,1465.10,2156.16,1945.64,1470.83,1937.87,2086.41,1958.54,1904.83,1956.05,1766.74,2001.67,1903.44,1800.03,2037.56,1806.00,1954.35,1927.98,1849.78,2338.44,2056.46,1931.97,2024.57,2005.12,2096.17,1978.59,1229.05,1988.85,1970.24,1930.97,1964.60,1620.47,1891.11,1652.95,2164.58,2164.79,1919.28,2030.62,1993.35,1601.71,1957.48,2300.58,2406.93,1906.36,1928.58,1923.92,2203.07,2046.88,1790.19,2074.61,1903.44,2405.34,2216.48,2299.09,2376.13,1679.10,1687.10,1855.12,2264.79,2027.42,1931.96,1991.69,2371.81,1893.47,2087.51,1679.10,2434.75,1510.20,2012.69,1873.03,1865.86,1787.91,2271.88,2328.45,1991.69,2344.37,2330.17,1511.51,2061.90,2056.47,2512.85,1950.13,2061.09,2028.68,1931.69,1932.73,1919.70
Least sunshine year-round,the fewest number of hours annually with sunshine.,1917.26,1966.76,1916.86,1858.58,2205.29,1958.54,1956.53,1896.81,1941.53,2013.06,2004.97,2055.10,2167.74,1970.55,1465.10,2156.16,1945.64,1470.83,1937.87,2086.41,1958.54,1904.83,1956.05,1766.74,2001.67,1903.44,1800.03,2037.56,1806.00,1954.35,1927.98,1849.78,2338.44,2056.46,1931.97,2024.57,2005.12,2096.17,1978.59,1229.05,1988.85,1970.24,1930.97,1964.60,1620.47,1891.11,1652.95,2164.58,2164.79,1919.28,2030.62,1993.35,1601.71,1957.48,2300.58,2406.93,1906.36,1928.58,1923.92,2203.07,2046.88,1790.19,2074.61,1903.44,2405.34,2216.48,2299.09,2376.13,1679.10,1687.10,1855.12,2264.79,2027.42,1931.96,1991.69,2371.81,1893.47,2087.51,1679.10,2434.75,1510.20,2012.69,1873.03,1865.86,1787.91,2271.88,2328.45,1991.69,2344.37,2330.17,1511.51,2061.90,2056.47,2512.85,1950.13,2061.09,2028.68,1931.69,1932.73,1919.70
Sunniest winter,the greatest number of hours of sunshine in December January and February.,305.77,305.41,266.13,295.01,232.52,305.53,351.48,291.28,284.56,346.11,250.50,262.43,339.60,334.82,172.11,281.83,242.30,145.06,234.83,215.36,305.53,305.03,154.47,252.64,250.15,185.99,209.78,273.23,271.99,154.84,201.09,264.41,314.86,294.41,183.64,309.84,349.23,264.81,194.26,140.56,282.97,336.80,230.25,339.27,274.14,262.42,234.81,274.06,243.27,308.10,212.56,348.91,103.70,284.61,291.98,305.02,231.88,335.84,249.88,258.99,292.16,283.32,197.04,185.99,366.21,295.21,294.90,330.92,201.17,246.92,178.59,173.57,259.02,285.52,289.39,358.24,249.09,273.11,201.17,348.75,72.05,253.97,310.11,219.87,236.44,337.97,324.68,289.39,318.53,325.99,222.09,250.72,171.80,334.92,353.61,313.02,305.78,305.28,180.66,238.57
Sunniest summer,the greatest number of hours of sunshine in June July and August.,730.31,734.58,745.51,696.89,884.28,735.01,683.76,736.43,763.26,726.41,796.36,807.66,805.76,721.06,558.54,811.75,775.60,593.58,768.18,862.60,735.01,708.89,816.25,704.88,789.58,782.95,727.28,773.60,697.41,825.88,791.51,729.11,909.48,787.46,803.33,761.71,734.57,812.45,827.27,445.23,767.86,703.27,772.13,678.39,614.89,728.00,614.01,831.18,846.05,721.68,824.47,716.93,716.49,747.86,923.41,941.26,763.45,675.16,762.73,874.95,789.47,703.22,851.52,782.95,877.02,859.30,863.83,916.83,673.73,644.21,751.32,1033.98,794.47,728.77,765.76,880.84,744.92,831.04,673.73,921.10,689.44,799.61,701.66,753.95,675.83,860.47,891.14,765.76,875.63,886.22,588.35,816.98,865.17,968.72,655.78,776.77,760.27,721.95,809.63,774.30
Sunniest spring,the greatest number of hours of sunshine in March April and May.,546.77,547.93,534.98,490.55,634.94,548.07,508.61,577.40,555.64,565.70,555.13,582.32,643.07,502.19,434.10,627.01,592.38,440.76,550.12,577.17,548.07,533.96,576.86,547.11,582.88,534.11,502.23,570.71,467.18,575.53,547.24,504.51,650.63,563.79,543.20,566.49,533.45,671.15,589.92,412.60,588.01,554.64,534.37,494.45,410.43,537.36,476.57,656.45,682.44,497.90,609.01,511.84,461.10,587.00,611.08,672.08,532.66,541.24,595.97,680.29,666.58,523.98,608.86,534.11,650.03,663.32,687.97,657.68,480.34,446.83,657.78,797.96,546.74,574.99,539.39,703.62,526.76,576.06,480.34,667.21,443.15,563.09,549.68,504.68,480.42,641.36,670.97,539.39,683.90,673.32,383.93,566.50,606.96,691.89,510.24,579.50,561.90,541.02,604.81,547.73
Sunniest fall,the greatest number of hours of sunshine in September October and November.,334.41,378.84,370.24,376.13,453.55,369.93,412.68,291.70,338.07,374.84,402.98,402.69,379.31,412.48,300.35,435.57,335.36,291.43,384.74,431.28,369.93,356.95,408.47,262.11,379.06,400.39,360.74,420.02,369.42,398.10,388.14,351.75,463.47,410.80,401.80,386.53,387.87,347.76,367.14,230.66,350.01,375.53,394.22,452.49,321.01,363.33,327.56,402.89,393.03,391.60,384.58,415.67,320.42,338.01,474.11,488.57,378.38,376.34,315.34,388.84,298.67,279.68,417.19,400.39,512.08,398.65,452.39,470.70,323.86,349.14,267.43,259.28,427.19,342.68,397.15,429.11,372.70,407.30,323.86,497.69,305.56,396.02,311.58,387.36,395.22,432.08,441.66,397.15,466.31,444.64,317.14,427.70,412.54,517.32,430.50,391.80,400.73,363.44,337.63,359.10
Most sunny days year-round,the greatest number of days annually with an occurrence of sunshine.,299.33,297.17,277.49,288.15,317.03,299.58,293.19,292.18,296.22,298.03,299.93,303.24,305.18,293.38,284.03,320.25,290.36,274.05,299.04,306.27,299.58,290.86,307.35,283.32,296.82,294.39,287.77,302.85,286.94,305.51,288.48,296.64,321.35,305.80,284.73,291.52,292.45,307.62,294.02,250.25,293.59,295.93,288.81,290.17,274.42,300.53,277.04,310.93,309.08,292.07,312.26,293.61,271.73,290.11,321.90,322.55,294.16,287.87,291.77,313.89,293.91,285.99,316.20,294.39,332.93,312.19,321.11,324.85,274.82,284.99,301.54,275.26,307.47,297.58,298.94,317.78,287.87,302.04,274.82,323.86,267.01,300.54,293.81,285.57,287.43,322.64,320.34,298.94,313.83,313.04,270.38,289.85,304.24,329.88,284.89,303.38,303.48,295.22,300.16,294.58
Fewest sunny days year-round,the fewest number of days annually with an occurrence of sunshine.,299.33,297.17,277.49,288.15,317.03,299.58,293.19,292.18,296.22,298.03,299.93,303.24,305.18,293.38,284.03,320.25,290.36,274.05,299.04,306.27,299.58,290.86,307.35,283.32,296.82,294.39,287.77,302.85,286.94,305.51,288.48,296.64,321.35,305.80,284.73,291.52,292.45,307.62,294.02,250.25,293.59,295.93,288.81,290.17,274.42,300.53,277.04,310.93,309.08,292.07,312.26,293.61,271.73,290.11,321.90,322.55,294.16,287.87,291.77,313.89,293.91,285.99,316.20,294.39,332.93,312.19,321.11,324.85,274.82,284.99,301.54,275.26,307.47,297.58,298.94,317.78,287.87,302.04,274.82,323.86,267.01,300.54,293.81,285.57,287.43,322.64,320.34,298.94,313.83,313.04,270.38,289.85,304.24,329.88,284.89,303.38,303.48,295.22,300.16,294.58
Most sunny days in cold months,the greatest number of days from November through March inclusive with an occurrence of sunshine.,109.58,107.12,96.19,105.65,111.05,108.46,110.56,103.43,104.78,110.93,104.55,108.06,111.90,107.95,98.21,121.38,101.00,96.79,103.22,106.09,108.46,104.96,102.03,100.98,102.42,98.41,95.83,106.03,105.30,101.31,95.80,106.22,119.91,109.53,92.10,104.39,109.71,112.58,98.76,84.23,102.48,110.04,97.12,111.59,101.94,108.94,97.62,113.24,111.90,107.30,108.61,110.53,77.53,100.54,121.42,120.36,100.19,110.19,100.84,115.88,107.40,100.40,110.12,98.41,131.50,114.96,120.91,124.27,95.11,102.78,101.72,86.30,106.21,107.32,106.96,118.66,98.93,105.86,95.11,122.71,76.39,104.54,108.40,95.82,104.48,118.61,120.58,106.96,114.23,116.39,98.27,98.40,101.37,126.59,108.81,109.24,109.27,106.71,100.24,100.75
Most sunny days in warm months,the greatest number of days from May through September inclusive with an occurrence of sunshine.,141.36,140.14,135.27,135.40,148.40,140.76,133.82,141.25,141.35,138.30,143.51,142.56,141.24,137.37,136.82,143.88,139.62,130.13,143.37,146.82,140.76,137.52,148.54,136.37,142.57,144.46,141.63,143.28,134.46,148.63,142.54,141.01,146.22,143.82,144.31,138.04,135.44,143.15,143.35,121.90,141.07,137.37,141.16,130.61,128.12,140.98,132.35,144.27,142.52,137.29,148.49,135.33,143.50,139.45,145.34,146.53,142.63,132.18,141.11,142.94,138.63,137.27,148.93,144.46,144.81,144.19,144.20,145.48,135.31,134.97,146.24,143.56,147.31,140.75,141.10,145.66,138.86,143.89,135.31,146.11,140.96,143.63,137.95,139.28,135.41,149.03,145.41,141.10,145.53,143.61,128.19,140.69,147.55,146.80,128.88,142.82,142.75,139.14,146.58,142.89
Most heating degree-days,the greatest number of heating degree-days annually (accumulated average daily temperature below 18°C).,5821.26,4929.06,4233.54,4715.29,4575.83,4654.13,4750.72,6212.64,5177.77,5358.23,3659.37,4379.00,5717.57,4805.59,3461.80,5695.83,5056.58,4765.62,4352.13,3040.75,4733.94,5201.91,3431.39,6148.80,4301.11,3178.77,4057.60,4065.67,4617.74,3868.86,2926.49,5151.10,5660.73,4217.08,3083.25,4482.50,5468.95,6346.05,4148.33,3966.65,5343.48,6014.10,4210.04,4192.92,5197.56,4537.09,4570.75,5970.32,5847.19,4631.28,5073.08,5056.16,3173.04,5295.19,4600.32,5251.01,4047.37,6276.92,5749.19,5888.24,7743.15,6303.70,3570.84,3056.00,5108.43,6277.42,5189.09,5276.16,5449.32,4518.02,6811.34,8256.00,3524.83,4620.69,4289.17,5777.50,3917.71,4012.20,5216.91,5360.89,2832.88,3923.56,5792.50,2981.30,4165.63,5624.06,5852.38,4023.74,5950.72,6065.96,4881.45,3882.29,3990.86,4631.92,4754.52,4602.36,4574.95,5045.95,5131.96,4288.26
Most cooling degree-days,the greatest number of cooling degree-days annually (accumulated average daily temperature above 18°C).,115.73,177.76,300.72,100.10,114.04,251.49,142.89,86.68,140.08,97.61,330.66,192.95,70.03,103.17,53.37,25.05,87.93,63.37,180.50,24.03,222.62,133.26,212.96,89.57,223.89,41.82,235.66,251.98,84.37,133.91,44.22,100.65,145.71,230.59,56.05,242.05,80.19,54.36,190.40,0.25,138.21,11.18,197.73,72.76,43.29,151.17,265.49,53.71,26.98,112.19,32.69,141.00,62.33,119.27,107.60,129.63,241.85,9.35,169.94,26.65,41.82,80.00,261.41,77.01,40.26,70.52,76.46,177.32,82.19,91.98,7.68,41.36,421.73,243.40,184.00,185.71,195.57,249.61,94.04,175.75,106.04,283.60,102.06,68.28,148.27,196.29,116.93,292.87,118.57,94.63,32.08,275.35,149.10,186.61,36.89,244.62,235.48,152.42,22.43,187.80
Most growing degree-days,the greatest number of growing degree-days annually (accumulated average daily temperature above 5°C).,1546.44,1877.34,2267.83,1657.02,1663.20,2080.52,1779.14,1387.81,1753.45,1577.17,2392.90,2009.54,1433.57,1667.95,1734.97,1306.08,1587.25,1448.78,1964.31,1919.74,2015.86,1712.76,2197.78,1409.86,2102.17,1893.29,2157.08,2153.56,1540.98,1913.61,2084.77,1637.00,1722.81,2158.55,1960.34,2103.60,1441.47,1376.43,2009.44,1226.32,1705.07,1099.72,2048.83,1716.29,1237.82,1889.49,2131.39,1440.76,1311.88,1722.27,1292.17,1677.69,1953.66,1681.62,1772.19,1697.46,2171.41,1011.28,1759.32,1337.87,1058.88,1384.10,2308.61,2032.00,1430.66,1467.42,1618.74,1845.42,1451.28,1684.43,894.88,1077.00,2602.66,2066.82,2013.63,1806.32,2094.48,2176.55,1540.66,1828.46,2275.42,2266.02,1510.53,2104.91,1911.38,1848.39,1643.61,2276.26,1633.61,1553.32,1221.83,2239.91,1935.03,1962.84,1527.11,2089.63,2073.63,1815.32,1283.82,2001.13
Highest average pressure,the highest hourly average sea level pressure (kPa) annually.,101.45,101.52,,101.35,101.71,,101.45,101.55,101.59,,101.67,101.60,101.60,101.37,,101.63,101.59,101.22,101.64,101.67,,101.50,101.68,101.57,,,101.66,101.63,101.33,101.61,101.68,101.54,101.63,,101.60,101.54,101.33,101.52,101.59,101.33,101.58,101.34,,101.43,101.18,101.61,,101.57,101.51,101.34,101.62,101.35,,101.58,101.58,101.59,,101.30,101.54,101.54,101.59,,101.64,101.63,101.59,101.58,101.50,101.59,,,101.29,101.55,101.65,101.54,101.57,101.59,101.62,101.71,,101.63,101.67,101.69,101.46,101.69,101.43,101.59,101.61,101.60,101.66,101.64,101.28,101.66,,101.55,101.44,101.56,101.54,,101.60,101.65
Lowest average pressure,the lowest hourly average sea level pressure (kPa) annually.,101.45,101.52,,101.35,101.71,,101.45,101.55,101.59,,101.67,101.60,101.60,101.37,,101.63,101.59,101.22,101.64,101.67,,101.50,101.68,101.57,,,101.66,101.63,101.33,101.61,101.68,101.54,101.63,,101.60,101.54,101.33,101.52,101.59,101.33,101.58,101.34,,101.43,101.18,101.61,,101.57,101.51,101.34,101.62,101.35,,101.58,101.58,101.59,,101.30,101.54,101.54,101.59,,101.64,101.63,101.59,101.58,101.50,101.59,,,101.29,101.55,101.65,101.54,101.57,101.59,101.62,101.71,,101.63,101.67,101.69,101.46,101.69,101.43,101.59,101.61,101.60,101.66,101.64,101.28,101.66,,101.55,101.44,101.56,101.54,,101.60,101.65
Greatest average pressure difference,the greatest difference between highest and lowest monthly average sea level pressure (kPa).,0.45,0.44,,0.36,0.80,,0.40,0.42,0.47,,0.59,0.37,0.56,0.37,,0.56,0.39,0.53,0.39,0.22,,0.44,0.76,0.46,,,0.39,0.39,0.40,0.73,0.22,0.44,0.78,,0.24,0.45,0.39,0.81,0.33,0.89,0.37,0.42,,0.40,0.60,0.50,,0.74,0.52,0.42,0.40,0.40,,0.34,0.62,0.65,,0.40,0.65,0.58,0.78,,0.74,0.33,0.46,0.83,0.65,0.77,,,0.64,0.80,0.40,0.44,0.40,0.83,0.41,0.84,,0.77,0.21,0.60,0.44,0.23,0.41,0.86,0.81,0.42,0.80,0.77,0.59,0.39,,0.70,0.41,0.44,0.45,,0.41,0.39
Most hours with low visibility,the greatest number of hours per year where the visibility is less than 1 km.,122.40,105.42,,223.31,60.44,,126.57,92.80,208.98,,240.93,129.74,127.30,201.83,,82.61,198.69,84.66,154.53,83.94,,117.74,8.09,111.36,,,200.17,101.71,371.40,45.53,117.11,128.03,125.32,,104.38,93.09,234.07,54.95,220.37,156.22,304.96,185.77,,619.47,387.72,189.00,,82.15,130.33,188.85,133.63,165.27,,232.22,66.58,145.68,,263.06,140.02,111.63,79.02,,34.10,176.65,82.24,99.79,35.71,100.05,,,62.47,64.85,120.37,110.56,134.02,63.08,103.82,240.93,,109.16,126.06,210.93,159.68,126.06,140.60,86.25,76.42,105.92,117.36,95.83,763.98,160.27,,40.21,590.34,138.73,62.47,,230.39,180.94
Clearest skies year-round,the greatest number of hours annually with total cloud amount between 0 and 2 tenths.,2168.96,2158.54,,1989.98,2258.17,,2179.17,2059.43,2128.25,,2073.37,2176.41,2298.20,2106.83,,2112.52,2029.97,1161.78,2105.73,2083.57,,2071.82,2013.66,2187.38,,,1958.84,2179.18,1608.08,1991.65,1967.84,1892.94,2493.07,,2080.91,2245.25,2128.07,2265.75,2096.96,1136.56,2223.77,2298.32,,1911.03,1302.64,2304.55,,2208.31,2139.54,2122.22,1899.86,2333.75,,2136.68,2393.09,2617.80,,2266.72,2419.00,1890.17,2447.36,,2093.16,2405.63,2183.64,2539.82,2018.30,2524.86,,,1631.00,2347.60,2276.73,2069.10,2457.65,2726.93,2262.76,1967.56,,2880.53,1869.27,2018.29,1719.59,1869.27,1685.90,2639.17,2477.52,2346.34,2593.52,2666.93,1187.48,2117.79,,2287.05,2221.78,2240.88,2260.91,,1606.30,2069.01
Cloudiest skies year-round,the greatest number of hours annually with total cloud amount between 8 and 10 tenths.,4750.52,4909.81,,5046.32,4129.72,,4554.34,5164.53,4767.28,,4868.28,4832.80,4670.88,4701.85,,4450.41,5032.85,5452.23,4858.50,4850.72,,5002.00,4663.91,4967.87,,,4896.15,4839.67,5151.60,4876.75,5214.02,5026.24,4157.10,,4955.47,4817.61,4538.81,4579.51,5040.06,6145.69,4752.70,4907.10,,5116.28,5699.01,4674.18,,4392.57,4401.54,5029.12,4670.53,4728.00,,4891.82,4051.56,3840.58,,4705.15,4455.24,4613.26,4617.64,,4531.42,4727.29,4285.37,4169.21,4525.82,4114.30,,,4982.47,4468.52,4744.12,4921.93,4501.03,4304.28,4729.35,4896.89,,4092.44,5329.11,4882.40,5264.39,5329.11,5325.04,4156.92,4115.32,4619.02,4048.11,4041.49,5947.04,4820.14,,4010.17,4836.29,4748.35,4854.89,,5309.87,4867.91
Most clear skies in summer,the greatest number of hours in June July and August with total cloud amount between 0 and 2 tenths.,522.91,555.69,,506.50,701.44,,439.00,541.09,561.38,,619.60,686.33,569.19,429.04,,509.69,652.48,334.48,640.03,766.43,,514.17,760.78,557.05,,,614.79,652.65,439.91,711.40,701.41,471.57,697.35,,716.15,597.21,454.86,485.02,748.00,227.88,596.82,512.28,,416.91,280.83,672.66,,502.07,529.86,524.75,513.41,497.47,,576.51,711.82,696.87,,438.12,586.76,449.58,461.92,,683.70,797.19,574.35,617.92,499.09,668.33,,,326.51,517.53,687.94,534.39,691.69,706.90,665.99,586.54,,788.48,653.95,610.13,430.99,653.95,464.22,682.85,654.18,679.33,658.68,682.61,326.14,651.37,,640.30,443.17,580.72,609.47,,456.11,633.72
Windiest city year-round,the highest average hourly wind speed (km/h) annually.,14.26,14.57,,17.44,9.48,,12.38,12.59,10.67,,16.35,14.06,11.65,16.62,,12.82,13.31,14.79,13.27,8.86,,13.56,11.21,11.94,,,14.61,14.66,18.58,5.38,11.76,9.42,18.63,,12.45,15.58,14.09,9.49,13.49,13.05,15.67,15.59,,15.12,20.53,10.78,,10.89,13.67,20.03,9.98,13.54,,13.06,18.20,19.74,,14.72,13.76,11.25,11.30,,10.66,9.86,14.80,12.06,12.12,17.72,,,12.74,14.00,15.95,12.50,16.01,16.94,14.25,16.98,,18.44,10.72,15.80,14.28,8.80,15.33,16.18,15.68,13.84,15.15,14.80,23.33,15.88,,14.08,16.05,12.93,14.29,,9.43,12.57
Lightest wind speed year-round,the lowest average hourly wind speed (km/h) annually.,14.26,14.57,,17.44,9.48,,12.38,12.59,10.67,,16.35,14.06,11.65,16.62,,12.82,13.31,14.79,13.27,8.86,,13.56,11.21,11.94,,,14.61,14.66,18.58,5.38,11.76,9.42,18.63,,12.45,15.58,14.09,9.49,13.49,13.05,15.67,15.59,,15.12,20.53,10.78,,10.89,13.67,20.03,9.98,13.54,,13.06,18.20,19.74,,14.72,13.76,11.25,11.30,,10.66,9.86,14.80,12.06,12.12,17.72,,,12.74,14.00,15.95,12.50,16.01,16.94,14.25,16.98,,18.44,10.72,15.80,14.28,8.80,15.33,16.18,15.68,13.84,15.15,14.80,23.33,15.88,,14.08,16.05,12.93,14.29,,9.43,12.57
Windiest winter,the highest average hourly wind speed (km/h) in December January and February.,14.39,16.43,,19.24,6.79,,12.76,12.50,11.01,,19.75,15.91,11.85,18.68,,12.22,13.94,15.73,15.36,9.81,,15.74,14.24,12.14,,,17.40,16.75,20.93,4.87,11.87,10.38,19.32,,13.44,17.12,16.09,8.67,15.93,14.69,16.23,16.95,,17.85,23.56,12.04,,9.46,13.90,21.62,11.18,14.25,,13.45,19.99,21.94,,15.73,13.27,9.42,10.13,,11.05,11.00,14.75,10.64,11.04,19.09,,,13.41,12.35,18.32,13.75,18.01,16.96,16.24,19.96,,19.66,12.31,18.68,15.31,10.41,17.76,16.97,15.13,15.73,15.41,15.15,26.89,18.41,,14.14,17.90,14.43,15.82,,10.44,14.67
Windiest summer,the highest average hourly wind speed (km/h) in June July and August.,13.43,12.13,,15.10,11.10,,10.89,11.59,9.37,,13.17,11.47,10.48,13.73,,12.35,11.21,13.71,10.54,8.05,,10.95,8.92,10.53,,,11.12,12.13,15.94,6.08,11.38,7.61,16.97,,11.65,13.31,11.88,9.14,10.33,10.17,13.84,13.79,,11.71,17.42,8.87,,11.03,12.59,17.77,7.82,11.96,,11.48,15.93,17.44,,12.78,13.17,12.37,11.32,,9.65,10.87,14.26,12.16,12.48,15.81,,,10.98,14.14,12.79,10.46,13.34,15.32,11.83,13.44,,16.78,10.37,12.28,11.83,7.66,12.50,14.18,15.31,11.53,13.73,13.35,20.57,12.41,,13.24,13.06,10.56,12.25,,7.72,9.75
Most days with light wind (5 km/h or less),the greatest number of days with at least one hour's wind speed at or less than 5 km/h.,243.02,253.27,,153.41,343.25,,283.35,251.07,300.17,,182.44,239.11,300.70,183.69,,281.52,292.57,257.94,258.60,344.74,,277.75,311.37,259.52,,,225.07,243.81,144.37,362.55,285.00,326.66,178.77,,308.72,228.79,252.34,318.94,258.87,264.94,200.68,221.47,,228.25,123.93,306.04,,294.01,251.30,157.41,316.12,255.68,,237.60,242.97,134.96,,263.52,191.12,318.31,275.76,,326.18,333.00,294.74,294.28,267.03,204.53,,,268.71,204.40,184.77,277.73,201.54,186.33,251.18,170.48,,161.80,321.26,197.78,269.26,334.22,265.58,217.83,192.66,258.54,229.24,231.53,124.28,185.78,,269.60,244.73,248.45,237.15,,322.37,265.99
Most windy days (40 km/h or more),the greatest number of days annually with at least one hour's wind speed above 40 km/h.,23.66,30.79,,27.83,7.29,,13.10,10.27,7.45,,37.09,23.60,13.06,36.97,,20.08,29.44,17.35,25.40,6.10,,22.99,21.06,2.10,,,24.62,39.11,63.30,2.09,16.60,7.26,70.44,,51.95,38.58,24.96,3.24,21.51,38.84,32.80,39.77,,37.56,78.83,9.09,,10.75,24.94,82.88,13.93,25.02,,9.07,115.47,63.82,,36.91,6.09,32.88,4.70,,21.09,44.89,66.36,14.10,14.91,69.82,,,19.14,11.56,32.47,22.92,29.63,50.16,34.01,52.04,,68.34,14.66,38.33,33.93,8.48,60.23,38.84,31.65,28.91,32.86,21.49,127.08,40.04,,36.50,43.29,15.06,26.59,,9.82,18.55
Extreme wind chill,the highest wind chill in the period between 1952 and 2000.,-52.44,-50.52,,-50.17,-46.83,,-46.44,-55.21,-51.70,,-42.03,-45.51,-58.21,-49.37,,-60.14,-44.75,-45.71,-42.59,-25.06,,-52.43,-39.67,-54.17,,,-41.14,-44.71,-42.59,-39.66,-27.80,-48.33,-59.21,,-25.00,-48.60,-51.08,-59.63,-44.36,-34.22,-53.09,-56.90,,-39.57,-46.67,-44.45,,-55.36,-59.52,-47.80,-52.16,-48.04,,-51.59,-55.73,-58.83,,-53.70,-57.47,-63.02,-63.45,,-45.14,-22.35,-55.06,-59.70,-55.54,-57.60,,,-62.41,-63.99,-42.36,-48.47,-45.11,-57.12,-44.79,-42.95,,-59.97,-35.09,-42.05,-55.01,-33.33,-42.25,-54.60,-60.92,-44.86,-57.37,-58.37,-40.33,-40.88,,-58.87,-44.83,-47.80,-49.11,,-51.48,-40.47
Most high wind chill days (-30 or less),the greatest number of days with an occurrence of wind chill less than -30.,41.90,16.55,,6.65,5.75,,9.94,44.16,21.78,,2.21,9.73,33.62,13.57,,29.58,9.70,10.64,3.17,0.00,,21.59,0.30,47.12,,,2.24,3.64,3.23,0.76,0.00,16.63,43.19,,0.00,13.47,23.89,45.91,3.57,0.07,29.44,31.47,,1.86,7.57,3.63,,34.56,37.15,7.96,9.83,13.75,,22.10,19.07,34.25,,35.16,41.88,31.20,83.25,,2.87,0.00,19.63,45.41,21.70,36.62,,,39.50,101.27,1.77,15.05,8.31,48.98,4.99,1.50,,38.34,0.00,1.87,36.69,0.00,1.87,46.72,43.77,6.34,49.73,47.79,2.30,2.01,,21.42,9.54,13.96,11.50,,11.70,2.94
Humidex days at or above 30,the greatest number of days annually with humidex at or above 30.,22.64,38.74,,20.70,17.30,,34.20,16.33,36.42,,50.40,36.89,21.34,27.50,,7.61,26.83,11.23,48.69,4.89,,30.36,30.76,20.42,,,50.85,47.61,19.14,28.21,4.53,31.42,24.89,,5.90,47.12,18.67,10.10,31.71,0.07,21.76,2.90,,13.40,8.47,46.45,,8.73,3.16,19.40,3.60,29.57,,18.96,19.25,17.72,,1.09,20.69,5.23,9.17,,31.93,0.46,6.14,13.90,8.48,26.26,,,0.50,1.47,67.40,39.27,35.28,34.46,45.29,53.19,,31.81,20.80,51.43,19.56,20.80,31.16,34.43,18.93,42.96,28.90,18.33,7.73,59.13,,25.23,9.77,40.96,44.68,,4.43,49.23
High humidex days at or above 35,the greatest number of days annually with humidex at or above 35.,5.53,11.42,,3.40,1.57,,9.42,2.90,11.20,,15.62,9.88,5.33,5.86,,0.63,6.30,1.33,15.33,0.23,,7.97,6.00,3.83,,,15.22,15.39,3.43,5.25,0.20,6.74,5.13,,0.30,14.87,3.70,1.09,7.37,0.00,4.37,0.13,,1.70,0.81,11.50,,0.73,0.07,2.64,0.13,7.82,,2.97,1.83,2.43,,0.00,4.36,0.23,1.27,,7.87,0.08,0.13,2.11,0.80,5.22,,,0.00,0.03,28.12,10.81,7.30,10.53,13.33,15.84,,9.00,4.70,14.11,4.00,4.70,7.11,10.79,3.10,11.26,8.27,3.43,0.47,21.67,,3.70,0.83,11.87,13.47,,0.13,15.31
Most humid summer city,the highest average hourly vapour pressure (kPa) in June July and August.,1.40,1.58,,1.51,1.00,,1.51,1.30,1.52,,1.66,1.58,1.38,1.50,,1.13,1.48,1.23,1.64,1.28,,1.51,1.14,1.30,,,1.69,1.62,1.45,1.15,1.42,1.53,1.24,,1.31,1.65,1.43,1.17,1.57,1.25,1.39,1.27,,1.52,1.25,1.67,,1.22,1.07,1.52,0.96,1.45,,1.44,1.08,1.16,,1.21,1.38,1.09,1.11,,1.12,1.24,1.03,1.24,1.19,1.22,,,0.86,0.99,1.79,1.59,1.74,1.46,1.65,1.70,,1.33,1.35,1.70,1.34,1.37,1.52,1.43,1.22,1.68,1.39,1.27,1.30,1.74,,1.11,1.41,1.56,1.64,,1.06,1.66
Driest winter air,the lowest average hourly vapour pressure (kPa) in December January and February.,0.20,0.27,,0.35,0.34,,0.30,0.20,0.26,,0.40,0.36,0.22,0.33,,0.24,0.30,0.31,0.39,0.73,,0.25,0.45,0.20,,,0.40,0.39,0.40,0.45,0.71,0.28,0.22,,0.70,0.30,0.24,0.18,0.37,0.61,0.25,0.23,,0.44,0.34,0.38,,0.20,0.23,0.34,0.35,0.29,,0.26,0.31,0.26,,0.20,0.19,0.23,0.11,,0.42,0.74,0.26,0.17,0.25,0.26,,,0.20,0.08,0.42,0.29,0.36,0.20,0.38,0.40,,0.25,0.62,0.40,0.22,0.64,0.41,0.20,0.20,0.37,0.19,0.19,0.42,0.41,,0.29,0.34,0.28,0.29,,0.34,0.39
Driest summer air,the lowest average hourly vapour pressure (kPa) in June July and August.,1.40,1.58,,1.51,1.00,,1.51,1.30,1.52,,1.66,1.58,1.38,1.50,,1.13,1.48,1.23,1.64,1.28,,1.51,1.14,1.30,,,1.69,1.62,1.45,1.15,1.42,1.53,1.24,,1.31,1.65,1.43,1.17,1.57,1.25,1.39,1.27,,1.52,1.25,1.67,,1.22,1.07,1.52,0.96,1.45,,1.44,1.08,1.16,,1.21,1.38,1.09,1.11,,1.12,1.24,1.03,1.24,1.19,1.22,,,0.86,0.99,1.79,1.59,1.74,1.46,1.65,1.70,,1.33,1.35,1.70,1.34,1.37,1.52,1.43,1.22,1.68,1.39,1.27,1.30,1.74,,1.11,1.41,1.56,1.64,,1.06,1.66
